date, symbol, reportedCurrency, cik, fillingDate, acceptedDate, calendarYear, period, cashAndCashEquivalents, shortTermInvestments, cashAndShortTermInvestments, netReceivables, inventory, otherCurrentAssets, totalCurrentAssets, propertyPlantEquipmentNet, goodwill, intangibleAssets, goodwillAndIntangibleAssets, longTermInvestments, taxAssets, otherNonCurrentAssets, totalNonCurrentAssets, otherAssets, totalAssets, accountPayables, shortTermDebt, taxPayables, deferredRevenue, otherCurrentLiabilities, totalCurrentLiabilities, longTermDebt, deferredRevenueNonCurrent, deferredTaxLiabilitiesNonCurrent, otherNonCurrentLiabilities, totalNonCurrentLiabilities, otherLiabilities, capitalLeaseObligations, totalLiabilities, preferredStock, commonStock, retainedEarnings, accumulatedOtherComprehensiveIncomeLoss, othertotalStockholdersEquity, totalStockholdersEquity, totalEquity, totalLiabilitiesAndStockholdersEquity, minorityInterest, totalLiabilitiesAndTotalEquity, totalInvestments, totalDebt, netDebt, link, finalLink, lastRetainedEarnings, netIncome, stockRepurchases, dividendsPaid, otherDistributions, grossPPE, annualDepreciation, capitalExpenditure, netPPE, lastGoodwill, acquisitionsAndAdjustments
"2024-09-30","BBRI.JK","IDR","0000000000","2024-09-30","2024-09-28 20:00:00","2024","Q3","196018746000000","0","196018746000000","63722384000000","0","306512611000000","566253741000000","28099942000000","0","33336522000000","33336522000000","302676026000000","0","1305501225000000","1669613715000000","-273951041000000","1961916415000000","1991579000000","0","3579816000000","723926000000","1015537520000000","1021832841000000","0","723926000000","0","556657472000000","557381398000000","53229245000000","0","1632443484000000","0","7577950000000","220317639000000","3739565000000","91744258000000","323379412000000","329472931000000","1961916415000000","6093519000000","1961916415000000","302676026000000","179135545000000","-196018746000000","","","204954739000000","15362900000000","-761302000000","0","14601598000000","28099942000000","1270613000000","-1907982000000","28737311000000","0","0",
"2024-06-30","BBRI.JK","IDR","0000000000","2024-06-30","2024-06-28 20:00:00","2024","Q2","145888993000000","-72441718000000","73447275000000","0","-177581253000000","279177982000000","279177982000000","60687802000000","0","33316967000000","33316967000000","83631069000000","14306814000000","1506250831000000","1698193483000000","0","1977371465000000","1795578000000","0","3129714000000","685955000000","-5611247000000","1030138422000000","54257645000000","685955000000","492855633000000","580558901000000","635502501000000","0","511559000000","1665640923000000","12635092000000","7577950000000","204954739000000","999622000000","92364371000000","305896682000000","311730542000000","1977371465000000","5833860000000","1977371465000000","83631069000000","187078298000000","41189305000000","","","191138402000000","13816337000000","-113143000000","0","13703194000000","60687802000000","1324745000000","-1873089000000","61236146000000","0","0",
"2024-03-31","BBRI.JK","IDR","0000000000","2024-03-31","2024-03-30 20:00:00","2024","Q1","178651194000000","0","178651194000000","92468923000000","-295743623000000","0","271120117000000","27107076000000","0","33281378000000","33281378000000","378771005000000","14552469000000","-14552469000000","439159459000000","1278794903000000","1989074479000000","3905977000000","0","2130407000000","671777000000","-6036384000000","3905977000000","63839095000000","671777000000","141632949000000","-206143821000000","142304726000000","1543964455000000","0","1690175158000000","0","7577950000000","191138402000000","19019062000000","92449900000000","292996905000000","298899321000000","1989074479000000","5902416000000","1989074479000000","378771005000000","142304726000000","-36346468000000","","","210688737000000","15885516000000","0","-48102283000000","-67652618000000","27107076000000","1295651000000","-1819055000000","27630480000000","0","0",
"2023-12-31","BBRI.JK","IDR","0000000000","2023-12-31","2023-12-30 19:00:00","2023","Q4","225006364000000","0","225006364000000","74240387000000","-350621446000000","11757888000000","300158434000000","26360692000000","0","33317427000000","33317427000000","338315285000000","15605462000000","-15605462000000","397993404000000","1266855192000000","1965007030000000","2156764000000","0","2546839000000","586769000000","-4703603000000","2156764000000","59663301000000","586769000000","149262386000000","-209512456000000","149849155000000","1496528969000000","0","1648534888000000","0","7577950000000","210688737000000","641558000000","92455311000000","311363556000000","316472142000000","1965007030000000","5108586000000","1965007030000000","338315285000000","149849155000000","-75157209000000","","","207247913000000","16107256000000","-301197000000","0","3139627000000","26360692000000","1073379000000","-1382711000000","26670024000000","0","0",
"2023-09-30","BBRI.JK","IDR","0000000000","2023-09-30","2023-09-29 20:00:00","2023","Q3","156954603000000","0","156954603000000","135493778000000","-279201751000000","0","292448381000000","58280566000000","0","33304644000000","33304644000000","314048698000000","339024620000000","-372329264000000","372329264000000","1187187208000000","1851964853000000","1719566000000","0","2300873000000","660088000000","-4020439000000","1719566000000","58063073000000","660088000000","130471669000000","-189194830000000","131131757000000","1407579706000000","0","1540431029000000","1011006000000","7577950000000","207247913000000","-1011006000000","91775361000000","306601224000000","311533824000000","1851964853000000","4932600000000","1851964853000000","314048698000000","131131757000000","-25822846000000","","",
"2023-06-30","BBRI.JK","IDR","0000000000","2023-06-30","2023-06-29 20:00:00","2023","Q2","184195597000000","0","184195597000000","114114860000000","-285723580000000","0","298310457000000","56627721000000","0","33273629000000","33273629000000","316007164000000","339361256000000","-372634885000000","372634885000000","1134200972000000","1805146314000000","1964482000000","0","2040678000000","640128000000","-4005160000000","1964482000000","58279297000000","640128000000","138000996000000","-196920421000000","138641124000000","1366049022000000","0","1506654628000000","0","7577950000000","192676815000000","219052000000","93044721000000","293518538000000","298491686000000","1805146314000000","4973148000000","1805146314000000","316007164000000","138641124000000","-45554473000000","","",
"2023-03-31","BBRI.JK","IDR","0000000000","2023-03-31","2023-03-30 20:00:00","2023","Q1","196522266000000","0","196522266000000","0","-308472102000000","0","235211711000000","55660152000000","0","33331962000000","33331962000000","338205832000000","360534022000000","-393865984000000","393865984000000","1193895726000000","1822973421000000","1921604000000","0","3690924000000","496293000000","-5612528000000","1921604000000","66558294000000","496293000000","-496293000000","-66558294000000","1921604000000","1534679551000000","0","1538522759000000","0","7577950000000","178757163000000","453794000000","92795116000000","279584023000000","284450662000000","1822973421000000","4866639000000","1822973421000000","338205832000000","138378488000000","-58143778000000","","",
"2022-12-31","BBRI.JK","IDR","0000000000","2022-12-31","2022-12-30 19:00:00","2022","Q4","268422143000000","0","268422143000000","0","-391931990000000","391931990000000","375247881000000","55216047000000","0","33406372000000","33406372000000","337660291000000","359469966000000","-392876338000000","392876338000000","1097514791000000","1865639010000000","2025532000000","0","3053782000000","410177000000","-5079314000000","2025532000000","74914236000000","410177000000","-410177000000","-74914236000000","2025532000000","1558192629000000","0","1562243693000000","134045000000","7577950000000","198147249000000","-134045000000","93568812000000","299294011000000","303395317000000","1865639010000000","4101306000000","1865639010000000","337660291000000","143635217000000","-124786926000000","","",
"2022-09-30","BBRI.JK","IDR","0000000000","2022-09-30","2022-09-29 20:00:00","2022","Q3","159982060000000","0","159982060000000","116440828000000","-251158491000000","257695585000000","275526513000000","53397216000000","0","0","359137386000000","324704401000000","18964231000000","-378101617000000","378101617000000","1030975994000000","1684604124000000","1165480000000","0","2580146000000","362817000000","-3745626000000","1165480000000","74681102000000","362817000000","-362817000000","-74681102000000","1165480000000","1381937563000000","0","1384268523000000","1069408000000","7577950000000","194735993000000","-1069408000000","94263610000000","296577553000000","300335601000000","1684604124000000","3758048000000","1684604124000000","324704401000000","126624878000000","-33357182000000","","",
"2022-06-30","BBRI.JK","IDR","0000000000","2022-06-30","2022-06-29 20:00:00","2022","Q2","149529760000000","0","149529760000000","120432983000000","-226751307000000","231839975000000","269342473000000","49296492000000","0","0","357466346000000","326250686000000","18080832000000","-375547178000000","375547178000000","1007949066000000","1652838717000000","1633842000000","0","2302858000000","409290000000","-3936700000000","1633842000000","66947485000000","409290000000","-409290000000","-66947485000000","1633842000000","1363305768000000","0","1366573452000000","0","7577950000000","180433750000000","1691808000000","92877400000000","282580908000000","286265265000000","1652838717000000","3684357000000","1652838717000000","326250686000000","123021329000000","-26508431000000","","",
"2022-03-31","BBRI.JK","IDR","0000000000","2022-03-31","2022-03-30 20:00:00","2022","Q1","144449128000000","0","144449128000000","50635442000000","-223959410000000","5654316000000","194382437000000","48293600000000","0","0","382334455000000","351110712000000","17069857000000","-399404312000000","399404312000000","1056492493000000","1650279242000000","1136061000000","0","5092301000000","337327000000","-6228362000000","1136061000000","76369242000000","337327000000","-337327000000","-76369242000000","1136061000000","1372020766000000","0","1374292888000000","0","7577950000000","167814769000000","3682713000000","93199300000000","272274732000000","275986354000000","1650279242000000","3711622000000","1650279242000000","351110712000000","119659528000000","-24789600000000","","",
"2021-12-31","BBRI.JK","IDR","0000000000","2021-12-31","2021-12-30 19:00:00","2021","Q4","155596705000000","0","155596705000000","98983900000000","-262165785000000","267554618000000","253850522000000","47970187000000","0","0","410224627000000","378539338000000","16284898000000","-426509525000000","426509525000000","997737687000000","1678097734000000","1182295000000","0","4214318000000","328814000000","-5396613000000","1182295000000","78402956000000","328814000000","-328814000000","-78402956000000","1182295000000","1383946340000000","0","1386310930000000","0","7577950000000","181986363000000","5967539000000","93203131000000","288734983000000","291786804000000","1678097734000000","3051821000000","1678097734000000","378539338000000","124393750000000","-31202955000000","","",
"2021-09-30","BBRI.JK","IDR","0000000000","2021-09-30","2021-09-29 20:00:00","2021","Q3","162452978000000","0","162452978000000","105818933000000","-227103094000000","232632705000000","267186172000000","46521519000000","0","0","385536897000000","352606302000000","13590924000000","-399127821000000","399127821000000","953458288000000","1619772281000000","1300238000000","0","5715909000000","316385000000","-7016147000000","1300238000000","64581559000000","316385000000","119745927000000","-64581559000000","120062312000000","1218126959000000","0","1339489509000000","0","7577950000000","170167502000000","7932708000000","91606385000000","277284545000000","280282772000000","1619772281000000","2998227000000","1619772281000000","352606302000000","120062312000000","-42390666000000","","",
"2021-06-30","BBRI.JK","IDR","0000000000","2021-06-30","2021-06-29 20:00:00","2021","Q2","167417891000000","0","167417891000000","103648580000000","-231120239000000","235354193000000","270446115000000","33090829000000","0","21306261000000","21306261000000","307309686000000","11002837000000","-11002837000000","361706776000000","818754172000000","1450907063000000","1386625000000","0","4033880000000","238647000000","-5420505000000","1386625000000","0","238647000000","66298016000000","-66536663000000","66536663000000","1182780461000000","0","1250703749000000","0","6167291000000","163389424000000","5050920000000","2336818000000","196985482000000","200203314000000","1450907063000000","3217832000000","1450907063000000","307309686000000","66536663000000","-100881228000000","","",
"2021-03-31","BBRI.JK","IDR","0000000000","2021-03-31","2021-03-30 20:00:00","2021","Q1","138357648000000","0","138357648000000","105261903000000","0","0","243619551000000","31891961000000","0","21200007000000","21200007000000","302390593000000","9958711000000","-9958711000000","355482561000000","811949862000000","1411051974000000","1170165000000","0","3680900000000","2171614000000","-4851065000000","1170165000000","20690622000000","2171614000000","65759114000000","-88621350000000","67930728000000","1147186795000000","0","1216287688000000","0","6167291000000","157742954000000","8504109000000","2336818000000","191623540000000","194764286000000","1411051974000000","3140746000000","1411051974000000","302390593000000","67930728000000","-70426920000000","","",
"2020-12-31","BBRI.JK","IDR","0000000000","2020-12-31","2020-12-30 19:00:00","2020","Q4","158932565000000","0","158932565000000","105231177000000","0","0","264163742000000","32185160000000","0","21376029000000","21376029000000","330333173000000","0","-383894362000000","383894362000000","863746524000000","1511804628000000","1765500000000","0","1400638000000","0","-3166138000000","1551986000000","44685151000000","0","0","-44685151000000","71895539000000","1238445727000000","0","1311893252000000","0","6167291000000","163949482000000","52013856000000","18861944000000","197377567000000","199911376000000","1511804628000000","2533809000000","1511804628000000","330333173000000","71895539000000","-87037026000000","","",
"2020-09-30","BBRI.JK","IDR","0000000000","2020-09-30","2020-09-29 20:00:00","2020","Q3","159182655000000","0","159182655000000","74515625000000","0","0","233698280000000","32465436000000","0","0","0","297591657000000","0","-330057093000000","330057093000000","884092850000000","1447848223000000","1503308000000","0","913585000000","0","-2416893000000","1503308000000","0","0","0","0","59641495000000","1192035379000000","0","1253180182000000","0","6167291000000","159410822000000","21851985000000","18861944000000","192215520000000","194668041000000","1447848223000000","2452521000000","1447848223000000","297591657000000","59641495000000","-99541160000000","","",
"2020-06-30","BBRI.JK","IDR","0000000000","2020-06-30","2020-06-29 20:00:00","2020","Q2","138747856000000","0","138747856000000","70131956000000","0","0","208879812000000","32356894000000","0","21236816000000","21236816000000","226880120000000","0","-280473830000000","280473830000000","898405622000000","1387759264000000","1842283000000","0","531205000000","0","-2373488000000","1842283000000","46919001000000","0","0","-46919001000000","63500230000000","1134581538000000","0","1199924051000000","0","6167291000000","155473064000000","18992928000000","18861944000000","185418705000000","187835213000000","1387759264000000","2416508000000","1387759264000000","226880120000000","63500230000000","-75247626000000","","",
"2020-03-31","BBRI.JK","IDR","0000000000","2020-03-31","2020-03-30 20:00:00","2020","Q1","149165496000000","0","149165496000000","66456427000000","0","0","215621923000000","32126937000000","0","21160244000000","21160244000000","201065519000000","0","-254352700000000","254352700000000","889004294000000","1358978917000000","1871397000000","0","638234000000","0","-2509631000000","1871397000000","0","0","0","0","63251598000000","1114217029000000","0","1179340024000000","0","6167291000000","151430113000000","14855743000000","18886867000000","177263492000000","179638893000000","1358978917000000","2375401000000","1358978917000000","201065519000000","63251598000000","-85913898000000","","",
"2019-12-31","BBRI.JK","IDR","0000000000","2019-12-31","2019-12-30 19:00:00","2019","Q4","227617680000000","0","227617680000000","65597315000000","0","0","293214995000000","31432629000000","0","21123087000000","21123087000000","197926179000000","0","-250481895000000","250481895000000","873061950000000","1416758840000000","2078935000000","0","185443000000","0","-2264378000000","2078935000000","0","0","0","0","70979712000000","1134915857000000","0","1207974504000000","0","6167291000000","178304746000000","18033731000000","17894187000000","206323433000000","208784336000000","1416758840000000","2460903000000","1416758840000000","197926179000000","70979712000000","-156637968000000","","",
"2019-09-30","BBRI.JK","IDR","0000000000","2019-09-30","2019-09-29 20:00:00","2019","Q3","162990232000000","0","162990232000000","55839969000000","0","0","218830201000000","30714883000000","0","21017802000000","21017802000000","180124561000000","0","-231857246000000","231857246000000","854979101000000","1305666548000000","1591992000000","0","884214000000","0","-2476206000000","1591992000000","0","0","0","0","65647876000000","1038886903000000","0","1106126771000000","0","6167291000000","168712691000000","18410098000000","17783978000000","197107079000000","199539777000000","1305666548000000","2432698000000","1305666548000000","180124561000000","65647876000000","-97342356000000","","",
"2019-06-30","BBRI.JK","IDR","0000000000","2019-06-30","2019-06-29 20:00:00","2019","Q2","149827523000000","0","149827523000000","55052587000000","0","0","204880110000000","30288855000000","0","20788208000000","20788208000000","175542660000000","0","-226619723000000","226619723000000","856695719000000","1288195552000000","2259394000000","0","1124602000000","0","-3383996000000","2259394000000","0","0","0","0","68368286000000","1026727081000000","0","1097354761000000","0","6167291000000","160096714000000","18422970000000","17783978000000","188503974000000","190840791000000","1288195552000000","2336817000000","1288195552000000","175542660000000","68368286000000","-81459237000000","","",
"2019-03-31","BBRI.JK","IDR","0000000000","2019-03-31","2019-03-30 20:00:00","2019","Q1","178031660000000","0","178031660000000","54222277000000","0","0","232253937000000","26755771000000","0","17514182000000","17514182000000","187471196000000","0","-231741149000000","231741149000000","815865562000000","1279860648000000","2624868000000","0","797946000000","0","-3422814000000","2624868000000","0","0","0","0","79838057000000","1002486239000000","0","1084949164000000","0","6167291000000","168271956000000","14835097000000","14098407000000","192570744000000","194911484000000","1279860648000000","2340740000000","1279860648000000","187471196000000","79838057000000","-98193603000000","","",
"2018-12-31","BBRI.JK","IDR","0000000000","2018-12-31","2018-12-30 19:00:00","2018","Q4","198132673000000","0","198132673000000","54373510000000","0","0","252506183000000","26914859000000","0","17300589000000","17300589000000","186735231000000","0","-230950679000000","230950679000000","813441430000000","1296898292000000","2349281000000","0","153833000000","0","-2503114000000","2349281000000","0","0","0","0","73092632000000","1036181048000000","0","1111622961000000","0","6167291000000","160107704000000","13396148000000","14098407000000","182967543000000","185275331000000","1296898292000000","2307788000000","1296898292000000","186735231000000","73092632000000","-125040041000000","","",
"2018-09-30","BBRI.JK","IDR","0000000000","2018-09-30","2018-09-29 20:00:00","2018","Q3","133633327000000","0","133633327000000","52843040000000","0","0","186476367000000","25944013000000","0","17244627000000","17244627000000","172950139000000","0","-216138779000000","216138779000000","780748989000000","1183364135000000","2028005000000","0","659103000000","0","-2687108000000","2028005000000","0","0","0","0","65468090000000","940468629000000","0","1007964724000000","0","6167291000000","151228108000000","12528610000000","14179602000000","173301604000000","175399411000000","1183364135000000","2097807000000","1183364135000000","172950139000000","65468090000000","-68165237000000","","",
"2018-06-30","BBRI.JK","IDR","0000000000","2018-06-30","2018-06-29 20:00:00","2018","Q2","139367380000000","0","139367380000000","46218039000000","0","0","185585419000000","25730564000000","0","17231292000000","17231292000000","172974813000000","0","-215936669000000","215936669000000","751706198000000","1153228286000000","1821032000000","0","839900000000","0","-2660932000000","1821032000000","42276672000000","0","0","-42276672000000","61482492000000","923245117000000","0","986548641000000","0","6167291000000","142642617000000","12558623000000","14179602000000","164746126000000","166679645000000","1153228286000000","1933519000000","1153228286000000","172974813000000","61482492000000","-77884888000000","","",
"2018-03-31","BBRI.JK","IDR","0000000000","2018-03-31","2018-03-30 20:00:00","2018","Q1","126098035000000","0","126098035000000","42030713000000","0","0","168128748000000","24648095000000","0","16151719000000","16151719000000","185431634000000","0","-226231448000000","226231448000000","724879916000000","1119240112000000","2143473000000","0","1402248000000","0","-3545721000000","2143473000000","46184995000000","0","0","-46184995000000","59782890000000","896680091000000","0","958606454000000","0","6167291000000","135157478000000","15318487000000","14179602000000","160020851000000","160633658000000","1119240112000000","612807000000","1119240112000000","185431634000000","59782890000000","-66315145000000","","",
"2017-12-31","BBRI.JK","IDR","0000000000","2017-12-31","2017-12-30 19:00:00","2017","Q4","143984632000000","0","143984632000000","38245162000000","0","0","182229794000000","24746306000000","0","16134127000000","16134127000000","190456267000000","0","-231336700000000","231336700000000","712681948000000","1126248442000000","769874000000","0","564798000000","0","-1334672000000","1790456000000","42341325000000","0","0","-42341325000000","61009117000000","896101375000000","0","958900948000000","0","6167291000000","140805012000000","16841935000000","14179602000000","166748817000000","167347494000000","1126248442000000","598677000000","1126248442000000","190456267000000","61009117000000","-82975515000000","","",
"2017-09-30","BBRI.JK","IDR","0000000000","2017-09-30","2017-09-29 20:00:00","2017","Q3","123514628000000","0","123514628000000","33932534000000","0","0","157447162000000","24627026000000","0","16086951000000","16086951000000","168817128000000","0","-209531105000000","209531105000000","671694356000000","1038672623000000","1979102000000","0","664029000000","0","-2643131000000","1979102000000","48568481000000","0","0","-48568481000000","56452165000000","821629322000000","0","880060589000000","0","6167291000000","132316598000000","16173288000000","14179602000000","158034772000000","158612034000000","1038672623000000","577262000000","1038672623000000","168817128000000","56452165000000","-67062463000000","","",
"2017-06-30","BBRI.JK","IDR","0000000000","2017-06-30","2017-06-29 20:00:00","2017","Q2","157399135000000","0","157399135000000","33814421000000","0","0","191213556000000","24618884000000","0","16001746000000","16001746000000","145997801000000","0","-186618431000000","186618431000000","649505542000000","1027337529000000","1812163000000","0","632560000000","0","-2444723000000","1812163000000","39030928000000","0","0","-39030928000000","54740585000000","820098783000000","0","876651531000000","0","6167291000000","125231165000000","15485399000000","14179602000000","150261450000000","150685998000000","1027337529000000","424548000000","1027337529000000","145997801000000","54740585000000","-102658550000000","","",
"2017-03-31","BBRI.JK","IDR","0000000000","2017-03-31","2017-03-30 20:00:00","2017","Q1","133473224000000","0","133473224000000","31889663000000","0","0","165362887000000","24661045000000","0","15956144000000","15956144000000","142663143000000","0","-183280332000000","183280332000000","647356492000000","995999711000000","1758620000000","0","2238622000000","0","-3997242000000","1758620000000","41004201000000","0","0","-41004201000000","54120529000000","796018427000000","0","851897576000000","0","6167291000000","118455314000000","15685585000000","14179602000000","143685785000000","144102135000000","995999711000000","416350000000","995999711000000","142663143000000","54120529000000","-79352695000000","","",
"2016-12-31","BBRI.JK","IDR","0000000000","2016-12-31","2016-12-30 19:00:00","2016","Q4","170013439000000","0","170013439000000","33159589000000","0","0","203173028000000","24515059000000","0","15799496000000","15799496000000","134895096000000","0","-175209651000000","175209651000000","625261747000000","1003644426000000","1363565000000","0","942401000000","0","-2305966000000","1275502000000","41271843000000","0","0","815559993000000","60817461000000","794738873000000","0","856831836000000","0","6167291000000","122286786000000","14589670000000","14179602000000","146421342000000","146812590000000","1003644426000000","391248000000","1003644426000000","134895096000000","60817461000000","-109195978000000","","",
"2016-09-30","BBRI.JK","IDR","0000000000","2016-09-30","2016-09-29 20:00:00","2016","Q3","132630809000000","0","132630809000000","35114217000000","0","0","167745026000000","23570779000000","0","15614380000000","15614380000000","128751177000000","0","-167936336000000","167936336000000","596011989000000","931693351000000","1399167000000","0","667710000000","0","-2066877000000","1399167000000","0","0","0","0","46565711000000","742787513000000","0","790752391000000","0","6167291000000","114992721000000","16066923000000","14179602000000","140604529000000","140940960000000","931693351000000","336431000000","931693351000000","128751177000000","46565711000000","-86065098000000","","",
"2016-06-30","BBRI.JK","IDR","0000000000","2016-06-30","2016-06-29 20:00:00","2016","Q2","129326891000000","0","129326891000000","32212658000000","0","0","161539549000000","23514150000000","0","15563151000000","15563151000000","130188090000000","0","-169265391000000","169265391000000","577037989000000","907842929000000","1286475000000","0","539351000000","0","-539351000000","1286475000000","0","0","0","0","46672521000000","726220101000000","0","774179097000000","0","6167291000000","93173497000000","15539422000000","354910000000","133350861000000","133663832000000","907842929000000","312971000000","907842929000000","130188090000000","46672521000000","-82654370000000","","",
"2016-03-31","BBRI.JK","IDR","0000000000","2016-03-31","2016-03-30 20:00:00","2016","Q1","112862326000000","0","112862326000000","28267750000000","0","0","141130076000000","8445145000000","0","1249851000000","1249851000000","133450618000000","0","-143145614000000","143145614000000","580663008000000","864938698000000","1490236000000","0","2082337000000","0","-2082337000000","1490236000000","0","0","0","0","39397856000000","711220612000000","0","752108704000000","0","6167291000000","87231210000000","653037000000","354910000000","112522189000000","112829994000000","864938698000000","307805000000","864938698000000","133450618000000","39397856000000","-73464470000000","","",
"2015-12-31","BBRI.JK","IDR","0000000000","2015-12-31","2015-12-30 19:00:00","2015","Q4","149060189000000","0","149060189000000","28002939000000","0","0","177063128000000","8039280000000","0","1107163000000","1107163000000","128958635000000","0","-138105078000000","138105078000000","563258106000000","878426312000000","1196997000000","0","1497262000000","0","-1497262000000","1196997000000","0","0","0","0","46057929000000","718044207000000","0","765299133000000","554934000000","6167291000000","88617280000000","-554934000000","-622385000000","112832861000000","113127179000000","878426312000000","294318000000","878426312000000","128958635000000","46057929000000","-103002260000000","","",
"2015-09-30","BBRI.JK","IDR","0000000000","2015-09-30","2015-09-29 20:00:00","2015","Q3","111594778000000","0","111594778000000","30276075000000","0","0","141870853000000","7058918000000","0","914278000000","914278000000","113136783000000","0","-121109979000000","121109979000000","539318302000000","802299134000000","1032640000000","0","468227000000","0","-468227000000","1032640000000","0","0","0","0","19059672000000","674574643000000","0","694666955000000","1237642000000","6167291000000","81636322000000","-1237642000000","1536216000000","107455570000000","107632179000000","802299134000000","176609000000","802299134000000","113136783000000","19059672000000","-92535106000000","","",
"2015-06-30","BBRI.JK","IDR","0000000000","2015-06-30","2015-06-29 20:00:00","2015","Q2","117193798000000","0","117193798000000","31813044000000","0","0","149006842000000","6704904000000","0","823689000000","823689000000","100941815000000","0","-108470408000000","108470408000000","515836685000000","773313935000000","961155000000","0","484003000000","0","-484003000000","961155000000","0","0","0","0","18056702000000","652095460000000","0","671113317000000","203384000000","6167291000000","75165403000000","-203384000000","2570474000000","102018909000000","102200618000000","773313935000000","181709000000","773313935000000","100941815000000","18056702000000","-99137096000000","","",
"2015-03-31","BBRI.JK","IDR","0000000000","2015-03-31","2015-03-30 20:00:00","2015","Q1","154800250000000","0","154800250000000","31448717000000","0","0","186248967000000","6375125000000","0","636216000000","636216000000","118405722000000","0","-125417063000000","125417063000000","494339048000000","806005078000000","1168440000000","0","899670000000","0","-899670000000","1168440000000","19130740000000","0","0","-19130740000000","28726016000000","680011628000000","0","709906084000000","642453000000","6167291000000","69503513000000","-642453000000","20247147000000","95917951000000","96098994000000","806005078000000","181043000000","806005078000000","118405722000000","28726016000000","-126074234000000","","",
"2014-12-31","BBRI.JK","IDR","0000000000","2014-12-31","2014-12-30 19:00:00","2014","Q4","146269478000000","0","146269478000000","28277300000000","0","0","174546778000000","5917470000000","0","625460000000","625460000000","88724165000000","0","-95267095000000","95267095000000","532141148000000","801955021000000","1152521000000","0","59805000000","0","-59805000000","1152521000000","14223640000000","0","0","-14223640000000","33322434000000","669742637000000","0","704217592000000","18273000000","6167291000000","73312528000000","-18273000000","2785352000000","97560417000000","97737429000000","801955021000000","177012000000","801955021000000","88724165000000","33322434000000","-112947044000000","","",
"2014-09-30","BBRI.JK","IDR","0000000000","2014-09-30","2014-09-29 20:00:00","2014","Q3","121120357000000","0","121120357000000","23039138000000","0","0","144159495000000","4957480000000","0","575154000000","575154000000","48505195000000","0","-54037829000000","54037829000000","507090041000000","705287365000000","1088085000000","0","512866000000","0","-512866000000","1088085000000","10737725000000","0","0","-10737725000000","18682500000000","594060473000000","0","613831058000000","330976000000","6167291000000","67227110000000","-330976000000","2442882000000","91286443000000","91456307000000","705287365000000","169864000000","705287365000000","48505195000000","18682500000000","-102437857000000","","",
"2014-06-30","BBRI.JK","IDR","0000000000","2014-06-30","2014-06-29 20:00:00","2014","Q2","98500625000000","0","98500625000000","20177370000000","0","0","118677995000000","4729022000000","0","508150000000","508150000000","44600461000000","0","-49837633000000","49837633000000","474968659000000","643484287000000","866190000000","0","405725000000","0","-405725000000","866190000000","6083803000000","0","0","-6083803000000","14756690000000","542813168000000","0","558436048000000","324348000000","6167291000000","60814485000000","-324348000000","2449510000000","84880446000000","85048239000000","643484287000000","167793000000","643484287000000","44600461000000","14756690000000","-83743935000000","","",
"2014-03-31","BBRI.JK","IDR","0000000000","2014-03-31","2014-03-30 20:00:00","2014","Q1","84626475000000","0","84626475000000","21460588000000","0","0","106087063000000","3860421000000","64793000000","462791000000","64793000000","46482601000000","0","-50407815000000","50407815000000","459223727000000","615718605000000","856660000000","0","1934635000000","0","-1934635000000","856660000000","5846049000000","0","0","-5846049000000","17289614000000","518480194000000","0","536626468000000","472919000000","6167291000000","55005548000000","-472919000000","2300939000000","78922938000000","79092137000000","615718605000000","169199000000","615718605000000","46482601000000","17289614000000","-67336861000000","","",
"2013-12-31","BBRI.JK","IDR","0000000000","2013-12-31","2013-12-30 19:00:00","2013","Q4","105632276000000","0","105632276000000","23331736000000","0","0","128964012000000","3972612000000","0","459253000000","459253000000","47412916000000","0","-51844781000000","51844781000000","445374133000000","626182926000000","704422000000","0","1266018000000","0","-1266018000000","704422000000","6243230000000","0","0","540612274000000","11181937000000","534969145000000","0","546855504000000","645561000000","6167291000000","59862555000000","-645561000000","2128297000000","79163671000000","79327422000000","626182926000000","163751000000","626182926000000","47412916000000","11181937000000","-94450339000000","","",
"2013-09-30","BBRI.JK","IDR","0000000000","2013-09-30","2013-09-29 20:00:00","2013","Q3","94660721000000","0","94660721000000","22992252000000","0","0","117652973000000","3532148000000","0","412925000000","412925000000","43623225000000","0","-47568298000000","47568298000000","422485069000000","587706340000000","588067000000","0","301783000000","0","-301783000000","588067000000","7935168000000","0","0","-7935168000000","10969431000000","502405640000000","0","513963138000000","331023000000","6167291000000","53962490000000","-331023000000","2442835000000","73578144000000","73743202000000","587706340000000","165058000000","587706340000000","43623225000000","10969431000000","-83691290000000","","",
"2013-06-30","BBRI.JK","IDR","0000000000","2013-06-30","2013-06-29 20:00:00","2013","Q2","93070364000000","0","93070364000000","21770624000000","0","860582000000","114712541000000","3347289000000","0","404641000000","404641000000","40227403000000","0","-43979333000000","43979333000000","397767005000000","556458879000000","1096178000000","0","309625000000","0","-1405803000000","1096178000000","7154763000000","0","0","-7154763000000","10218771000000","476521934000000","0","487836883000000","46485000000","6167291000000","48643473000000","-46485000000","13732901000000","68543665000000","68621996000000","556458879000000","78331000000","556458879000000","40227403000000","10218771000000","-82851593000000","","",
"2013-03-31","BBRI.JK","IDR","0000000000","2013-03-31","2013-03-30 20:00:00","2013","Q1","85716062000000","0","85716062000000","201040000000","0","0","85917102000000","3011502000000","0","38589000000","38589000000","48115661000000","0","-51165752000000","51165752000000","392426398000000","529509252000000","0","0","0","0","0","4555867000000","7036240000000","0","0","-7036240000000","464874208000000","-4555867000000","0","464874208000000","0","6167291000000","43576315000000","1036473000000","14815859000000","64559465000000","64635044000000","529509252000000","75579000000","529509252000000","48115661000000","18286242000000","-67429820000000","","",
"2012-12-31","BBRI.JK","IDR","0000000000","2012-12-31","2012-12-30 19:00:00","2012","Q4","127504664000000","0","127504664000000","17487483000000","0","866689000000","144963297000000","2804366000000","0","318257000000","318257000000","45677917000000","0","-48800540000000","48800540000000","357572953000000","551336790000000","545604000000","0","895695000000","0","-1441299000000","545604000000","2216827000000","0","0","-2216827000000","13005317000000","472904090000000","0","486455011000000","0","6167291000000","46667643000000","0","11971824000000","64806758000000","64881779000000","551336790000000","75021000000","551336790000000","45677917000000","13005317000000","-114499347000000","","",
"2012-09-30","BBRI.JK","IDR","0000000000","2012-09-30","2012-09-29 20:00:00","2012","Q3","93637072000000","0","93637072000000","0","0","0","98469041000000","2556345000000","0","0","82513000000","43046671000000","0","-45685529000000","45685529000000","338632065000000","482786635000000","0","0","0","0","0","0","18718317000000","0","0","-18718317000000","422930397000000","422930397000000","0","422930397000000","0","6167291000000","41155240000000","0","12457655000000","59780186000000","59856238000000","482786635000000","76052000000","482786635000000","43046671000000","28272837000000","-65364235000000","","",
"2012-06-30","BBRI.JK","IDR","0000000000","2012-06-30","2012-06-29 20:00:00","2012","Q2","100962583000000","0","100962583000000","3826688000000","0","0","104789271000000","2094112000000","0","0","82478000000","44371388000000","0","-46547978000000","46547978000000","322709304000000","474046553000000","0","0","0","0","0","0","3826688000000","0","0","-3826688000000","418858430000000","418858430000000","0","418858430000000","0","6167291000000","36689185000000","0","12256040000000","55112516000000","55188123000000","474046553000000","75607000000","474046553000000","44371388000000","12468780000000","-88493803000000","","",
"2012-03-31","BBRI.JK","IDR","0000000000","2012-03-31","2012-03-30 20:00:00","2012","Q1","93240221000000","0","93240221000000","2570703000000","0","0","95810924000000","2074492000000","0","0","91665000000","41846423000000","0","-44012580000000","44012580000000","299515819000000","439339323000000","0","0","0","0","0","0","4707028000000","0","0","-4707028000000","384723789000000","384723789000000","0","384723789000000","0","6167291000000","35990520000000","0","12387375000000","54545186000000","54615534000000","439339323000000","70348000000","439339323000000","41846423000000","12966176000000","-80274045000000","","",
"2011-12-31","BBRI.JK","IDR","0000000000","2011-12-31","2011-12-30 19:00:00","2011","Q4","122696272000000","0","122696272000000","1692176000000","0","673327000000","124388448000000","1852818000000","0","0","0","5011612000000","0","-6864430000000","6864430000000","338646406000000","469899284000000","564267000000","0","1105997000000","0","-1670264000000","0","3828464000000","0","0","-3828464000000","420078955000000","420078955000000","0","420078955000000","0","6167291000000","40019254000000","0","11849781000000","49774560000000","49820329000000","469899284000000","45769000000","469899284000000","5011612000000","16926380000000","-105769892000000","","",
"2011-03-31","BBRI.JK","IDR","0000000000","2011-03-31","2011-03-30 20:00:00","2011","Q1","77818758000000","0","77818758000000","933446000000","0","0","78752204000000","1649337000000","0","0","98576000000","41774291000000","0","-43522204000000","43522204000000","253881959000000","376156367000000","0","0","0","0","0","0","3089799000000","0","0","-3089799000000","335886429000000","335886429000000","0","335886429000000","0","6167291000000","22408636000000","0","11662056000000","40237983000000","40269938000000","376156367000000","31955000000","376156367000000","41774291000000","19174481000000","-58644277000000","","",
"2010-06-30","BBRI.JK","IDR","0000000000","2010-06-30","2010-06-29 20:00:00","2010","Q2","57464697000000","0","57464697000000","0","0","0","57464697000000","1554334000000","0","0","0","39166286000000","0","-40720620000000","40720620000000","225621257000000","323806574000000","0","0","0","0","0","0","12045558000000","0","0","-12045558000000","293283454000000","293283454000000","0","293283454000000","0","6164926000000","20578491000000","0","3779703000000","30523120000000","30523120000000","323806574000000","0","323806574000000","39166286000000","12045558000000","-45419139000000","","",
"2009-12-31","BBRI.JK","IDR","0000000000","2009-12-31","2009-12-30 19:00:00","2009","Q4","70518050000000","0","70518050000000","0","0","0","70518050000000","1366212000000","0","0","0","40264026000000","0","-41630238000000","41630238000000","204798741000000","316947029000000","352716000000","0","343492000000","0","-343492000000","352716000000","16289821000000","0","0","-16289821000000","16289821000000","273047111000000","0","289689648000000","0","6164926000000","17834694000000","0","3257761000000","27257381000000","27257381000000","316947029000000","0","316947029000000","40264026000000","16289821000000","-54228229000000","","",
